{
    "Timestamp": "2023-11-22 22:55:33",
    "Scores": [
        0.0,
        0.0,
        0.0,
        0.0,
        0.0,
        0.0,
        0.0,
        0.0,
        0.0,
        0.0,
        0.0,
        0.0,
        0.0,
        0.0,
        0.0,
        0.0,
        0.0,
        0.0,
        0.0,
        0.0
    ],
    "Times": [
        37.381439208984378,
        36.386962890625,
        35.369598388671878,
        34.360443115234378,
        33.3660888671875,
        32.351226806640628,
        31.341705322265626,
        30.332794189453126,
        29.325347900390626,
        28.33050537109375,
        27.33258056640625,
        26.32501220703125,
        25.31036376953125,
        24.312347412109376,
        23.30511474609375,
        22.301544189453126,
        21.310211181640626,
        20.29302978515625,
        19.294036865234376,
        18.290679931640626
    ],
    "ScoresPerSecond": [
        0.0,
        0.0,
        0.0,
        0.0,
        0.0,
        0.0,
        0.0,
        0.0,
        0.0,
        0.0,
        0.0,
        0.0,
        0.0,
        0.0,
        0.0,
        0.0,
        0.0,
        0.0,
        0.0,
        0.0
    ],
    "Reflexes": [
        1.5054137706756592,
        1.5083831548690797,
        1.509974718093872,
        1.509974718093872,
        1.509974718093872,
        1.5113513469696046,
        1.5031583309173585,
        1.5065230131149293,
        1.5065230131149293,
        1.5082683563232422,
        1.5082683563232422,
        1.5105814933776856,
        1.5104939937591553,
        1.510725975036621,
        1.510725975036621,
        1.510725975036621,
        1.5068278312683106,
        1.5068278312683106,
        1.5034596920013428,
        1.5052824020385743
    ],
    "BallSpeeds": [
        30.0,
        30.0,
        30.0,
        30.0,
        30.0,
        30.0,
        30.0,
        30.0,
        30.0,
        30.0,
        30.0,
        30.0,
        30.0,
        30.0,
        30.0,
        30.0,
        30.0,
        30.0,
        30.0,
        30.0
    ]
}